{"cameraMode":{"drawMode":0,"name":"Shaded","section":"Shading Mode"},"sceneLighting":true,"audioPlay":false,"sceneViewState":{"m_AlwaysRefresh":false,"showFog":true,"showSkybox":true,"showFlares":true,"showImageEffects":true,"showParticleSystems":true,"showVisualEffectGraphs":true,"m_FxEnabled":true},"in2DMode":false,"pivot":{"x":0.7108389735221863,"y":-0.006087459623813629,"z":-3.0981240272521974},"rotation":{"x":-0.15154492855072022,"y":-0.39186593890190127,"z":0.0656130239367485,"w":-0.9050868153572083},"size":0.29849737882614138,"orthographic":false}