{"cameraMode":{"drawMode":0,"name":"Shaded","section":"Shading Mode"},"sceneLighting":true,"audioPlay":false,"sceneViewState":{"m_AlwaysRefresh":false,"showFog":true,"showSkybox":true,"showFlares":true,"showImageEffects":true,"showParticleSystems":true,"showVisualEffectGraphs":true,"m_FxEnabled":true},"in2DMode":false,"pivot":{"x":1.2083768844604493,"y":-0.8735226392745972,"z":-4.019312858581543},"rotation":{"x":-0.011230598203837872,"y":0.906808614730835,"z":-0.4207186698913574,"w":-0.02422582171857357},"size":1.0644259452819825,"orthographic":false}